query_id	subject_id	identity	alignment_length	query_start	query_end	query_coverage	subject_coverage	contig	genome_start	genome_end	strand	evalue	bit_score	element_type
PLMJLKIP_00011	ISFinder_IS15DI	100.0	705	1	705	100.0	85.97560975609755	k141_76	53	757	-	0.0	1303.0	IS
PLMJLKIP_00124	ISFinder_ISEc32	100.0	972	1	972	100.0	82.37288135593221	k141_45	5081	6052	+	0.0	1796.0	IS
PLMJLKIP_00706	IS6100-U12338.3	100.0	765	1	765	100.0	86.93181818181817	k141_107	6624	7388	+	0.0	1413.0	Tn
PLMJLKIP_00700	INTEGRALL-aadA5-AF170088	100.0	789	1	789	100.0	88.15642458100558	k141_107	2215	3003	+	0.0	1458.0	IN
PLMJLKIP_04346	ISFinder_IS4	99.925	1329	1	1329	100.0	93.19775596072932	k141_187	85	1413	+	0.0	2449.0	IS
PLMJLKIP_04017	ISFinder_ISVsa3	99.896	964	225	1188	81.14478114478115	98.66939611054248	k141_182	4022	5209	-	0.0	1775.0	IS
PLMJLKIP_00578	ISFinder_ISEc1	97.3	1074	1	1074	100.0	83.19132455460883	k141_63	32715	33788	-	0.0	1823.0	IS
PLMJLKIP_00017	ISFinder_IS1203E	94.482	888	1	888	100.0	86.04651162790698	k141_156	15	902	-	0.0	1369.0	IS
